School Name,Total Absences,1-5 Absences,6-10 Absences,11-20 Absences,21+ Absences,School Year
Aiton ES,190,74,58,33,12,8/31/17
Amidon-Bowen ES,309,149,98,36,12,8/31/17
Anacostia HS,396,31,40,59,262,8/31/17
Ballou HS,933,53,102,207,556,8/31/17
Ballou STAY,138,0,0,0,128,8/31/17
Bancroft ES,460,298,55,0,0,8/31/17
Barnard ES,521,378,41,10,0,8/31/17
Beers ES,411,252,47,0,0,8/31/17
Benjamin Banneker HS,483,309,47,15,0,8/31/17
Brent ES,369,242,40,0,0,8/31/17
Brightwood EC,712,407,155,52,12,8/31/17
Brookland MS,268,94,62,77,24,8/31/17
Browne EC,317,157,69,35,12,8/31/17
Bruce-Monroe ES,397,254,46,14,10,8/31/17
Bunker Hill ES,163,80,48,22,0,8/31/17
Burroughs ES,222,84,63,48,16,8/31/17
Burrville ES,244,59,78,78,22,8/31/17
C.W. Harris ES,251,118,73,37,14,8/31/17
Cap Hill Montessori,259,137,71,29,0,8/31/17
Cardozo EC,730,111,125,164,316,8/31/17
CHOICE Academy,68,24,19,13,0,8/31/17
Cleveland ES,247,148,39,14,0,8/31/17
Columbia Heights EC,1245,390,268,307,203,8/31/17
Coolidge HS,329,101,53,58,87,8/31/17
Deal MS,1520,1024,122,42,15,8/31/17
Dorothy I. Height ES,343,179,84,41,11,8/31/17
Drew ES,253,90,94,47,14,8/31/17
Dunbar HS,671,37,61,164,398,8/31/17
Eastern HS,773,94,109,174,380,8/31/17
Eaton ES,453,256,0,0,0,8/31/17
Eliot-Hine MS,227,55,54,56,48,8/31/17
Ellington School of the Arts,558,224,101,111,82,8/31/17
Garfield ES,281,127,103,21,0,8/31/17
Garrison ES,192,130,30,0,0,8/31/17
H.D. Cooke ES,337,163,64,47,19,8/31/17
Hardy MS,405,282,16,0,0,8/31/17
Hart MS,392,173,121,47,29,8/31/17
Hearst ES,278,183,24,0,0,8/31/17
Hendley ES,387,82,108,115,75,8/31/17
Houston ES,227,92,64,47,20,8/31/17
Hyde-Addison ES,272,172,43,0,0,8/31/17
Inspiring Youth Program 30,0,0,0,0,,8/31/17
J.O. Wilson ES,421,180,120,71,23,8/31/17
Janney ES,680,506,24,0,0,8/31/17
Jefferson MS Academy,336,115,91,65,49,8/31/17
Johnson MS,293,74,92,76,48,8/31/17
Kelly Miller MS,470,152,104,125,75,8/31/17
Ketcham ES,269,67,88,90,20,8/31/17
Key ES,386,259,32,0,0,8/31/17
Kimball ES,303,180,91,15,0,8/31/17
King M.L. ES,312,86,72,90,50,8/31/17
Kramer MS,237,34,50,64,84,8/31/17
Lafayette ES,737,402,0,0,0,8/31/17
Langdon ES,292,138,70,39,14,8/31/17
Langley ES,250,107,68,42,21,8/31/17
LaSalle-Backus EC,352,175,76,40,25,8/31/17
Leckie EC,490,197,154,102,17,8/31/17
Ludlow-Taylor ES,314,184,53,18,0,8/31/17
Luke Moore HS,184,17,16,35,111,8/31/17
MacFarland MS,144,90,15,0,0,8/31/17
Malcolm X ES @ Green,234,100,77,53,0,8/31/17
Mann ES,375,204,0,0,0,8/31/17
Marie Reed ES,344,182,62,30,0,8/31/17
Maury ES,330,204,48,0,0,8/31/17
McKinley MS,269,26,51,84,106,8/31/17
McKinley Technology HS,615,209,206,138,39,8/31/17
Miner ES,268,178,42,11,0,8/31/17
Moten ES,360,57,90,107,97,8/31/17
Murch ES,538,364,53,10,0,8/31/17
Nalle ES,327,181,105,13,0,8/31/17
Noyes ES,190,100,37,11,0,8/31/17
Orr ES,334,142,92,52,28,8/31/17
Oyster-Adams Bilingual,646,398,71,0,0,8/31/17
Patterson ES,322,195,49,0,0,8/31/17
Payne ES,283,91,90,62,27,8/31/17
Peabody ES,88,64,0,0,0,8/31/17
Phelps ACE HS,261,35,49,94,80,8/31/17
Plummer ES,341,113,169,33,17,8/31/17
Powell ES,461,286,72,0,11,8/31/17
Randle Highlands ES,266,181,38,0,0,8/31/17
Raymond EC,541,322,148,37,0,8/31/17
River Terrace,76,52,10,0,0,8/31/17
Ron Brown High School,213,33,42,56,80,8/31/17
Roosevelt High School,725,92,82,139,392,8/31/17
Roosevelt STAY,186,12,11,16,146,8/31/17
Ross ES,149,94,23,0,0,8/31/17
Savoy ES,252,55,59,54,27,8/31/17
School Without Walls HS,595,336,41,10,0,8/31/17
School-Within-School @ Goding,239,166,20,0,0,8/31/17
Seaton ES,289,161,42,13,0,8/31/17
Shepherd ES,311,201,28,0,0,8/31/17
Simon ES,271,123,65,49,18,8/31/17
Smothers ES,209,74,59,56,0,8/31/17
Sousa MS,270,61,80,80,38,8/31/17
Stanton ES,436,195,111,81,13,8/31/17
Stoddert ES,452,281,37,0,0,8/31/17
Stuart-Hobson MS,432,246,107,38,0,8/31/17
SWW @ Francis Stevens,406,222,67,32,0,8/31/17
Takoma EC,431,245,27,14,13,8/31/17
Thomas ES,345,96,116,89,34,8/31/17
Thomson ES,248,147,30,0,0,8/31/17
Truesdell EC,642,273,187,124,30,8/31/17
Tubman ES,501,264,101,55,20,8/31/17
Turner ES,426,88,104,144,80,8/31/17
Tyler ES,414,259,69,29,0,8/31/17
Van Ness ES,143,84,20,13,0,8/31/17
Walker-Jones EC,385,119,127,81,42,8/31/17
Washington Met HS,199,0,0,0,181,8/31/17
Watkins ES,442,311,74,0,0,8/31/17
West EC,285,124,66,41,20,8/31/17
Wheatley EC,284,70,80,98,28,8/31/17
Whittier EC,119,88,54,31,307,8/31/17
Wilson HS,1852,596,423,378,389,8/31/17
H.D. Woodson HS,537,36,62,111,319,8/31/17
Youth Services Center,140,10,0,0,0,8/31/17
Aiton ES,190,58,61,45,21,8/31/18
Amidon-Bowen ES,279,132,87,38,10,8/31/18
Anacostia HS,345,20,29,68,221,8/31/18
Ballou HS,682,26,40,94,518,8/31/18
Ballou STAY,167,0,0,10,147,8/31/18
Bancroft ES,479,268,52,10,0,8/31/18
Barnard ES,532,333,49,18,11,8/31/18
Beers ES,422,233,95,32,0,8/31/18
Benjamin Banneker HS,482,294,72,22,0,8/31/18
Brent ES,369,229,29,0,0,8/31/18
Brightwood EC,720,399,150,62,27,8/31/18
Brookland MS,311,175,59,30,16,8/31/18
Browne EC,343,131,98,60,30,8/31/18
Bruce-Monroe ES @ Park View,380,230,38,17,0,8/31/18
Bunker Hill ES,191,101,40,19,0,8/31/18
Burroughs ES,209,87,68,24,15,8/31/18
Burrville ES,217,79,81,35,15,8/31/18
C.W. Harris ES,206,76,58,44,17,8/31/18
Cap Hill Montessori @ Logan 259,259,147,47,24,12,8/31/18
Cardozo EC,717,95,95,153,364,8/31/18
CHOICE Academy @ Washington Met,0,0,0,0,0,8/31/18
Cleveland ES,241,123,48,30,0,8/31/18
Columbia Heights EC (CHEC),1304,418,257,281,245,8/31/18
Coolidge HS,330,61,47,63,143,8/31/18
Deal MS,1547,1026,132,46,22,8/31/18
Dorothy I. Height ES,342,183,72,35,0,8/31/18
Drew ES,220,95,59,38,20,8/31/18
Dunbar HS,718,27,43,135,508,8/31/18
Eastern HS,776,59,86,170,458,8/31/18
Eaton ES,456,260,23,0,0,8/31/18
Eliot-Hine MS,265,72,48,67,69,8/31/18
Ellington School of the Arts,567,112,142,147,159,8/31/18
Excel Academy,406,88,114,115,80,8/31/18
Garfield ES,274,112,99,22,25,8/31/18
Garrison ES,217,113,32,18,0,8/31/18
H.D. Cooke ES,330,162,67,53,17,8/31/18
Hardy MS,476,301,42,10,0,8/31/18
Hart MS,421,169,137,72,31,8/31/18
Hearst ES,303,172,24,0,0,8/31/18
Hendley HS,365,84,121,104,48,8/31/18
Houston ES,226,100,57,38,18,8/31/18
Hyde-Addison ES,318,167,38,0,0,8/31/18
J.O. Wilson ES,399,146,108,83,25,8/31/18
Janney ES,687,427,24,0,0,8/31/18
Jefferson MS Academy,363,112,88,84,62,8/31/18
Johnson John Hayden MS,321,37,72,121,89,8/31/18
Kelly Miller MS,557,89,118,175,171,8/31/18
Ketcham ES,256,57,67,69,44,8/31/18
Key ES,364,203,24,0,0,8/31/18
Kimball ES,316,185,88,20,0,8/31/18
King M.L. ES,270,53,57,86,70,8/31/18
Kramer MS,254,17,31,58,146,8/31/18
Lafayette ES,803,438,11,0,0,8/31/18
Langdon ES,340,158,91,48,14,8/31/18
Langley ES,232,78,71,48,23,8/31/18
LaSalle-Backus EC,386,183,84,48,24,8/31/18
Lawrence E. Boone ES,345,137,94,69,24,8/31/18
Leckie EC,465,176,127,114,34,8/31/18
Ludlow-Taylor ES,335,222,32,0,0,8/31/18
Luke Moore Alternative HS,165,0,0,13,130,8/31/18
MacFarland MS,387,176,71,57,22,8/31/18
Malcolm X ES @ Green,212,81,39,50,39,8/31/18
Mann ES,374,235,17,0,0,8/31/18
Marie Reed ES,358,196,58,24,0,8/31/18
Maury ES,339,196,21,12,0,8/31/18
McKinley MS,259,0,38,93,118,8/31/18
McKinley Technology HS,631,125,206,220,67,8/31/18
Miner ES,284,126,64,48,25,8/31/18
Moten ES,322,84,80,94,51,8/31/18
Murch ES,579,348,38,0,0,8/31/18
Nalle ES,313,184,55,30,11,8/31/18
Noyes ES,222,132,38,11,0,8/31/18
Oyster-Adams Bilingual,686,422,76,0,0,8/31/18
Patterson ES,353,89,113,76,70,8/31/18
Payne ES,268,109,60,45,38,8/31/18
Peabody ES (Capitol Hill Clus),88,60,0,0,0,8/31/18
Phelps ACE HS,264,43,63,79,75,8/31/18
Plummer ES,293,92,102,59,27,8/31/18
Powell ES,469,294,41,17,0,8/31/18
Randle Highlands ES,272,178,58,0,0,8/31/18
Raymond EC,505,285,134,36,17,8/31/18
River Terrace ,72,24,13,12,17,8/31/18
Ron Brown High School,275,23,44,71,134,8/31/18
Roosevelt High School,697,67,82,138,400,8/31/18
Roosevelt STAY @ MacFarland,189,10,15,11,145,8/31/18
Ross ES,166,94,12,0,0,8/31/18
Savoy ES,242,38,67,100,35,8/31/18
School Without Walls HS,590,396,34,0,0,8/31/18
School-Within School @ Goding,237,145,21,0,0,8/31/18
Seaton ES,309,168,70,31,0,8/31/18
Shepherd ES,324,200,27,12,0,8/31/18
Simon ES,233,69,69,65,25,8/31/18
Smothers ES,205,68,68,37,23,8/31/18
Sousa MS,262,61,76,81,40,8/31/18
Stanton ES,424,131,112,97,67,8/31/18
Stoddert ES,466,288,44,0,0,8/31/18
Stuart-Hobson MS,461,251,102,38,11,8/31/18
SWW @ Francis Stevens,414,235,65,18,0,8/31/18
Takoma EC,471,300,46,31,12,8/31/18
Thomas ES,321,76,92,85,57,8/31/18
Thomson ES,263,163,26,0,0,8/31/18
Truesdell EC,559,270,131,70,26,8/31/18
Tubman ES,526,264,108,60,22,8/31/18
Turner ES,440,72,100,153,108,8/31/18
Tyler ES,403,244,85,11,0,8/31/18
Van Ness ES,208,125,31,22,0,8/31/18
Walker-Jones EC,379,130,93,91,50,8/31/18
Washington Metropolitan HS,150,0,0,0,130,8/31/18
Watkins ES (Capitol Hill Clus),456,332,57,0,0,8/31/18
West EC,291,127,74,28,17,8/31/18
Wheatley EC,288,99,93,53,33,8/31/18
Whittier EC,341,156,91,61,18,8/31/18
Wilson HS,1803,694,466,333,266,8/31/18
H.D Woodson HS,514,27,49,107,327,8/31/18
Youth Services Center,118,28,15,0,0,8/31/18
Aiton ES,172,105,32,13,0,8/31/19
Amidon-Bowen ES,274,162,54,28,0,8/31/19
Anacostia HS,332,44,39,65,176,8/31/19
Ballou HS,606,30,63,129,381,8/31/19
Ballou STAY,128,0,0,17,100,8/31/19
Bancroft ES,526,235,18,0,0,8/31/19
Bard High School Early College DC,174,55,46,46,24,8/31/19
Barnard ES,533,312,47,10,0,8/31/19
Beers ES,410,225,79,28,0,8/31/19
Benjamin Banneker HS,522,349,45,0,0,8/31/19
Brent ES,376,212,17,0,0,8/31/19
Brightwood EC,637,351,75,27,10,8/31/19
Brookland MS,394,265,61,0,11,8/31/19
Browne EC,387,237,50,14,11,8/31/19
Bruce-Monroe ES @ Park View,391,213,24,0,0,8/31/19
Bunker Hill ES,184,92,20,10,0,8/31/19
Burroughs ES,213,126,33,0,0,8/31/19
Burrville ES,224,109,71,23,0,8/31/19
C.W. Harris ES,191,93,44,32,0,8/31/19
Cap Hill Montessori @ Logan,236,141,30,12,0,8/31/19
Cardozo EC,706,180,117,142,243,8/31/19
Cleveland ES,232,135,14,0,0,8/31/19
Columbia Heights EC,1460,555,289,274,210,8/31/19
Coolidge HS,458,152,111,72,96,8/31/19
Deal MS,1483,724,90,24,0,8/31/19
Dorothy I. Height ES,353,189,40,18,0,8/31/19
Drew ES,198,136,34,10,0,8/31/19
Dunbar HS,691,67,113,199,0,8/31/19
Eastern HS,803,101,128,161,398,8/31/19
Eaton ES,441,209,11,0,0,8/31/19
Eliot-Hine MS,279,107,63,40,45,8/31/19
Ellington School of the Arts,555,276,127,72,31,8/31/19
Excel Academy,378,146,140,54,20,8/31/19
Garfield ES,259,142,75,20,0,8/31/19
Garrison ES,232,121,24,0,0,8/31/19
H.D. Cooke ES,347,191,51,18,0,8/31/19
Hardy MS,491,260,29,0,0,8/31/19
Hart MS,473,288,91,31,10,8/31/19
Hearst ES,307,158,10,0,0,8/31/19
Hendley ES,325,157,91,41,0,8/31/19
Houston ES,213,114,43,22,11,8/31/19
Hyde-Addison ES,325,177,37,0,0,8/31/19
Ida B. Wells MS,195,96,34,25,0,8/31/19
J.O. Wilson ES,375,179,100,28,0,8/31/19
Janney ES,704,354,0,0,0,8/31/19
Jefferson MS Academy,370,187,84,41,19,8/31/19
Johnson John Hayden MS,360,103,119,80,48,8/31/19
Kelly Miller MS,582,118,139,130,184,8/31/19
Ketcham ES,273,123,74,42,12,8/31/19
Key ES,353,201,10,0,0,8/31/19
Kimball ES,349,179,94,45,11,8/31/19
King M.L. ES,259,103,86,39,10,8/31/19
Kramer MS,244,57,63,56,60,8/31/19
Lafayette ES,872,328,0,0,0,8/31/19
Langdon ES,317,177,45,14,10,8/31/19
Langley ES,244,107,66,37,13,8/31/19
LaSalle-Backus EC,320,179,45,21,10,8/31/19
Lawrence E. Boone ES,337,218,60,14,0,8/31/19
Leckie EC,435,250,97,33,0,8/31/19
Ludlow-Taylor ES,355,239,33,0,0,8/31/19
Luke Moore Alternative HS,159,12,10,33,98,8/31/19
MacFarland MS,591,303,105,77,28,8/31/19
Malcolm X ES @ Green,184,85,73,22,0,8/31/19
Mann ES,396,126,0,0,0,8/31/19
Marie Reed ES,376,214,38,0,0,8/31/19
Maury ES,382,190,19,0,0,8/31/19
McKinley MS,275,89,68,64,42,8/31/19
McKinley Technology HS,650,410,113,34,0,8/31/19
Miner ES,270,148,58,19,0,8/31/19
Moten ES,246,116,56,43,17,8/31/19
Murch ES,585,303,25,0,0,8/31/19
Nalle ES,279,156,73,20,0,8/31/19
Noyes ES,193,124,16,0,0,8/31/19
Oyster-Adams Bilingual,698,372,32,0,0,8/31/19
Patterson ES,343,166,123,21,17,8/31/19
Payne ES,255,141,46,20,0,8/31/19
Peabody ES,87,56,14,0,0,8/31/19
Phelps ACE HS,250,162,28,15,0,8/31/19
Plummer ES,248,113,62,46,0,8/31/19
Powell ES,457,247,20,0,0,8/31/19
Randle Highlands ES,286,197,0,0,0,8/31/19
Raymond EC,447,288,84,20,11,8/31/19
River Terrace 69,21,14,13,14,,8/31/19
Ron Brown High School,254,51,54,59,86,8/31/19
Roosevelt High School,762,169,132,150,289,8/31/19
Roosevelt STAY,224,0,15,34,163,8/31/19
Ross ES,164,90,0,0,0,8/31/19
Savoy ES,231,91,74,40,0,8/31/19
School Without Walls HS,594,292,31,11,0,8/31/19
School-Within-School @ Goding,244,145,17,0,0,8/31/19
Seaton ES,305,177,27,11,,8/31/19
0 Shepherd ES,318,168,0,0,0,8/31/19
Simon ES,229,111,67,24,0,8/31/19
Smothers ES,195,100,55,11,0,8/31/19
Sousa MS,314,135,75,68,26,8/31/19
Stanton ES,367,132,115,62,16,8/31/19
Stoddert ES,489,263,27,0,0,8/31/19
Stuart-Hobson MS,502,313,53,25,14,8/31/19
SWW @ Francis Stevens,489,264,43,22,0,8/31/19
Takoma EC,448,238,53,24,10,8/31/19
Thomas ES,267,135,60,45,10,8/31/19
Thomson ES,255,120,22,0,0,8/31/19
Truesdell EC,492,283,71,35,0,8/31/19
Tubman ES,520,295,86,45,11,8/31/19
Turner ES,441,174,127,85,23,8/31/19
Tyler ES,416,272,37,17,0,8/31/19
Van Ness ES,258,147,38,0,0,8/31/19
Walker-Jones EC,375,204,80,29,10,8/31/19
Washington Metropolitan HS,149,0,0,16,27,8/31/19
Watkins ES,463,283,0,0,0,8/31/19
West EC,280,154,47,26,13,8/31/19
Wheatley EC,296,174,51,30,0,8/31/19
Whittier EC,308,163,57,26,19,8/31/19
Wilson HS,1855,969,345,205,169,8/31/19
H.D Woodson HS,510,67,84,160,196,8/31/19
Youth Services Center,106,29,0,0,0,8/31/19
Aiton ES,172,20,28,48,76,8/31/20
Amidon-Bowen ES,260,102,57,26,48,8/31/20
Anacostia HS,309,28,21,64,190,8/31/20
Ballou HS,633,78,68,131,330,8/31/20
Ballou STAY,90,0,0,0,70,8/31/20
Bancroft ES,539,286,86,48,21,8/31/20
Bard High School Early College DC,265,140,41,29,16,8/31/20
Barnard ES,490,204,50,42,72,8/31/20
Beers ES,386,100,61,63,119,8/31/20
Benjamin Banneker HS,550,258,53,12,0,8/31/20
Brent ES,371,222,40,11,0,8/31/20
Brightwood EC,557,228,75,59,53,8/31/20
Brookland MS,359,203,103,13,27,8/31/20
Browne EC,350,142,102,31,61,8/31/20
Bruce-Monroe ES @ Park View,384,144,76,72,33,8/31/20
Bunker Hill ES,159,67,19,11,28,8/31/20
Burroughs ES,202,79,42,22,39,8/31/20
Burrville ES,215,17,31,38,127,8/31/20
C.W. Harris ES,201,64,49,31,53,8/31/20
Cap Hill Montessori @ Logan,263,74,65,43,35,8/31/20
Cardozo EC,584,110,80,123,248,8/31/20
Cleveland ES,234,78,41,51,45,8/31/20
Columbia Heights EC (CHEC),1436,395,245,278,414,8/31/20
Coolidge HS,563,91,71,100,283,8/31/20
Deal MS,1496,726,199,76,38,8/31/20
Dorothy L.Height ES,339,127,66,41,56,8/31/20
Drew ES,181,30,18,26,103,8/31/20
Dunbar HS,674,81,74,127,381,8/31/20
Eastern HS,705,118,101,118,329,8/31/20
Eaton ES,400,230,52,11,12,8/31/20
Eliot-Hine MS,273,69,45,70,66,8/31/20
Ellington School of the Arts,585,170,140,115,106,8/31/20
Excel Academy,399,155,90,33,75,8/31/20
Garfield ES,233,23,72,71,64,8/31/20
Garrison ES,236,66,42,43,70,8/31/20
H.D. Cooke ES,321,108,53,70,55,8/31/20
Hardy MS,526,220,138,84,25,8/31/20
Hart MS,495,101,174,143,68,8/31/20
Hearst ES,310,151,24,13,0,8/31/20
Hendley ES,285,15,39,74,155,8/31/20
Houston ES,206,44,32,34,90,8/31/20
Hyde-Addison ES,341,155,51,36,23,8/31/20
Ida B. Wells MS,380,165,54,34,55,8/31/20
J.O. Wilson ES,350,103,63,68,93,8/31/20
Janney ES,639,289,35,10,0,8/31/20
Jefferson MS Academy,381,99,100,83,78,8/31/20
Johnson John Hayden MS,373,62,64,105,128,8/31/20
 Kelly Miller MS,523,57,71,122,265,8/31/20
Ketcham ES,267,42,36,51,131,8/31/20
Key ES,331,217,42,20,18,8/31/20
Kimball ES,320,28,39,77,175,8/31/20
King M.L. ES,243,58,47,44,90,8/31/20
Kramer MS,254,0,24,59,159,8/31/20
Lafayette ES,848,504,126,72,38,8/31/20
Langdon ES,285,84,44,69,66,8/31/20
Langley ES,224,53,24,46,91,8/31/20
LaSalle-Backus EC,254,88,43,31,57,8/31/20
Lawrence E. Boone Es,344,64,52,65,154,8/31/20
Leckie EC,398,82,44,88,158,8/31/20
Ludlow-Taylor ES,348,112,64,66,83,8/31/20
Luke Moore Alternative HS,78,0,0,12,55,8/31/20
MacFarland MS,675,174,117,117,187,8/31/20
Malcolm X ES @ Green,185,0,24,35,119,8/31/20
Mann ES,366,185,44,28,13,8/31/20
Marie Reed ES,363,170,75,44,35,8/31/20
Maury ES,418,225,31,21,18,8/31/20
McKinley MS,292,132,64,34,52,8/31/20
McKinley Technology HS,692,335,129,71,23,8/31/20
Miner ES,289,75,42,70,86,8/31/20
Moten ES,188,27,51,35,71,8/31/20
Murch ES,564,404,41,16,0,8/31/20
Nalle ES,257,27,52,60,118,8/31/20
Noyes ES,180,47,41,28,57,8/31/20
Oyster-Adams Bilingual,705,269,16,0,0,8/31/20
Patterson ES,263,26,59,31,145,8/31/20
Payne ES,249,101,54,16,41,8/31/20
Peabody ES (Capitol Hill Clus),82,28,24,17,0,8/31/20
Phelps ACE HS,278,130,51,41,0,8/31/20
Plummer ES,204,36,25,24,117,8/31/20
Powell ES,456,178,92,71,41,8/31/20
Randle Highlands ES,255,34,42,68,110,8/31/20
RaymondEC,375,109,54,81,111,8/31/20
River Terrace,56,11,0,0,17,8/31/20
Ron Brown High School,216,40,38,52,76,8/31/20
Roosevelt High School,729,142,93,141,300,8/31/20
Roosevelt STAY,145,16,11,15,100,8/31/20
Ross ES,158,78,11,0,0,8/31/20
Savoy ES,225,0,10,39,170,8/31/20
School Without Walls HS,600,204,0,0,0,8/31/20
School-Within-School@Goding,238,135,34,0,0,8/31/20
Seaton ES,280,110,37,20,42,8/31/20
Shepherd ES,315,150,45,38,16,8/31/20
Simon ES,208,30,29,43,101,8/31/20
Smothers ES,177,21,25,39,86,8/31/20
Sousa MS,285,105,75,38,43,8/31/20
Stanton ES,323,39,51,64,167,8/31/20
Stoddert ES,430,214,36,28,0,8/31/20
Stuart-Hobson MS,523,196,114,71,56,8/31/20
SWW @ Francis Stevens,536,223,121,92,65,8/31/20
Takoma EC,381,101,63,72,115,8/31/20
Thomas ES,251,42,33,55,113,8/31/20
Thomson ES,229,144,21,0,0,8/31/20
Truesdell EC,382,146,48,40,54,8/31/20
Tubman ES,495,132,86,103,105,8/31/20
Turner ES,436,48,56,91,237,8/31/20
Tyler ES,416,185,56,41,86,8/31/20
Van Ness ES,307,97,61,61,60,8/31/20
Walker-Jones EC,332,102,71,53,76,8/31/20
Watkins ES (Capitol Hill Clus),452,277,88,20,10,8/31/20
West EC,244,100,49,23,32,8/31/20
Wheatley EC,263,65,49,43,95,8/31/20
Whittier EC,272,102,57,29,64,8/31/20
Wilson HS,1910,767,303,226,237,8/31/20
HD Woodson HS,417,48,32,74,258,8/31/20
Youth Services Center,91,40,0,0,0,8/31/20
Aiton ES,175,31,44,50,46,8/31/21
Amidon-Bowen ES,297,146,80,30,24,8/31/21
Anacostia HS,372,17,19,53,279,8/31/21
Ballou HS,684,9,13,61,595,8/31/21
Ballou STAY,59,3,1,13,42,8/31/21
Bancroft ES,598,378,60,27,7,8/31/21
Bard High School Early College DC,380,55,58,91,174,8/31/21
Barnard ES,512,298,81,21,33,8/31/21
Beers ES,326,113,73,72,45,8/31/21
Benjamin Banneker HS,536,331,91,36,7,8/31/21
Brent ES,382,255,38,15,6,8/31/21
Brightwood Elementary School,529,227,130,95,57,8/31/21
Brookland MS,372,258,52,11,22,8/31/21
Browne EC,413,153,130,80,40,8/31/21
Bruce-Monroe ES @ Park View,386,203,67,29,28,8/31/21
Bunker Hill ES,165,59,42,29,27,8/31/21
Burroughs ES,194,63,53,36,27,8/31/21
Burrville ES,217,87,63,43,21,8/31/21
C.W.Harris ES,223,57,74,49,40,8/31/21
Cap Hill Montessori @ Logan,278,135,57,35,12,8/31/21
Cardozo EC,679,79,80,122,385,8/31/21
Cleveland ES,218,119,44,13,7,8/31/21
Columbia Heights EC (CHEC),1538,209,234,303,772,8/31/21
Coolidge HS,774,88,74,121,479,8/31/21
Deal MS ,453,787,124,69,84,8/31/21
Dorothy L. Height ES,331,158,81,40,24,8/31/21
Drew ES,170,43,61,48,16,8/31/21
Dunbar HS,808,41,59,116,586,8/31/21
Eastern HS,777,69,54,100,544,8/31/21
Eaton ES,412,200,34,15,7,8/31/21
Eliot-Hine MS,342,87,64,68,111,8/31/21
Ellington School of the Arts,574,151,134,113,162,8/31/21
Excel Academy,398,93,141,68,89,8/31/21
Garfield ES,223,34,90,71,27,8/31/21
Garrison ES,262,148,57,16,15,8/31/21
H.D. Cooke ES,329,165,86,41,15,8/31/21
Hardy MS,569,292,121,67,33,8/31/21
Hart MS,475,158,133,104,66,8/31/21
Hearst ES,303,181,20,0,0,8/31/21
Hendley ES,299,50,56,67,125,8/31/21
Houston ES,219,72,50,38,48,8/31/21
Hyde-Addison ES,335,184,61,37,10,8/31/21
Ida B. Wells MS,592,176,129,135,132,8/31/21
J.O. Wilson ES,341,204,92,21,6,8/31/21
Janney ES,602,405,27,3,0,8/31/21
Jefferson MS Academy,394,84,64,93,144,8/31/21
John Lewis Elementary School,305,143,50,39,51,8/31/21
Johnson John Hayden MS,357,38,89,129,97,8/31/21
Kelly Miller MS,448,18,31,112,287,8/31/21
Ketcham ES,247,53,58,62,71,8/31/21
Key ES,290,181,22,4,3,8/31/21
Kimball ES,357,43,69,117,126,8/31/21
King M.L. ES,209,18,37,58,95,8/31/21
Kramer MS,310,8,17,61,224,8/31/21
Lafayette ES,817,503,27,4,1,8/31/21
Langdon ES,282,86,65,46,76,8/31/21
Langley ES,259,67,70,49,69,8/31/21
LaSalle-Backus Elementary School,229,89,62,33,25,8/31/21
Lawrence E. Boone ES,345,111,130,56,40,8/31/21
Leckie EC,393,77,101,115,96,8/31/21
Ludlow-Taylor ES,350,208,55,29,20,8/31/21
Luke Moore Alternative HS,81,1,4,11,64,8/31/21
MacFarland MS,707,207,169,170,147,8/31/21
Malcolm X ES @ Green,199,49,54,63,29,8/31/21
Mann ES,336,176,16,4,1,8/31/21
Marie Reed ES,377,199,71,30,19,8/31/21
Maury ES,443,265,40,21,9,8/31/21
McKinley MS,309,43,82,93,91,8/31/21
McKinley Technology HS,690,189,190,155,128,8/31/21
Miner ES,312,96,97,54,56,8/31/21
Moten ES,196,55,51,38,47,8/31/21
Murch ES,590,330,36,9,13,8/31/21
Nalle ES,263,66,67,60,67,8/31/21
Noyes ES,236,92,42,43,40,8/31/21
Oyster-Adams Bilingual,726,420,39,10,3,8/31/21
Patterson ES,268,25,71,134,35,8/31/21
Payne ES,230,122,64,26,6,8/31/21
Peabody ES (Capitol Hill Clus),79,57,13,3,0,8/31/21
Phelps ACE HS,325,113,106,61,27,8/31/21
Plummer ES,194,71,84,20,16,8/31/21
Powell ES,428,241,93,29,16,8/31/21
Randle Highlands ES,244,137,55,9,12,8/31/21
Raymond Elementary School,341,210,60,28,29,8/31/21
River Terrace,47,10,10,9,14,8/31/21
Ron Brown High School,199,29,37,34,96,8/31/21
Roosevelt High School,831,80,94,102,537,8/31/21
Roosevelt STAY,129,16,6,20,79,8/31/21
Ross ES,151,89,16,7,0,8/31/21
Savoy ES,229,28,30,55,115,8/31/21
School Without Walls HS,594,327,49,8,3,8/31/21
School-WithinSchool @ Goding,245,153,28,7,1,8/31/21
Seaton ES ,271,128,71,22,35,8/31/21
Shepherd ES,312,202,14,8,6,8/31/21
Simon ES,205,32,35,53,82,8/31/21
Smothers ES,175,23,46,40,64,8/31/21
Sousa MS,270,42,53,73,98,8/31/21
Stanton ES,305,26,57,83,137,8/31/21
Stoddert ES,443,250,37,6,2,8/31/21
Stuart-Hobson MS,519,210,117,91,61,8/31/21
SWW @ Francis Stevens,490,279,88,41,29,8/31/21
Takoma Elementary School,318,148,53,26,38,8/31/21
Thomas ES,242,96,102,23,16,8/31/21
Thomson ES,223,126,34,16,1,8/31/21
Truesdell Elementary School,373,184,102,27,15,8/31/21
Tubman ES,512,228,141,59,46,8/31/21
Turner ES,438,58,91,138,143,8/31/21
Tyler ES,386,222,57,22,22,8/31/21
Van Ness ES,324,154,52,36,40,8/31/21
Walker-Jones EC,388,42,72,117,153,8/31/21
Watkins ES (Capitol Hill Cluster),434,284,70,11,0,8/31/21
Wheatley EC,324,78,60,83,97,8/31/21
Whittier Elementary School,284,160,57,23,19,8/31/21
Wilson HS,2085,655,496,348,512,8/31/21
H.D. Woodson HS,509,20,28,73,386,8/31/21